[
  {
    "TrainNumber": "PU17333",
    "DelayedTimes": 2,
    "MaxDelayedTime": "00:00:00"
  },
  {
    "TrainNumber": "VT08003",
    "DelayedTimes": 2,
    "MaxDelayedTime": "00:00:00"
  },
  {
    "TrainNumber": "BQ877549",
    "DelayedTimes": 1,
    "MaxDelayedTime": "00:00:00"
  },
  {
    "TrainNumber": "EA01424",
    "DelayedTimes": 1,
    "MaxDelayedTime": "00:00:00"
  },
  {
    "TrainNumber": "IN035370",
    "DelayedTimes": 1,
    "MaxDelayedTime": "00:00:00"
  },
  {
    "TrainNumber": "JN070789",
    "DelayedTimes": 1,
    "MaxDelayedTime": "00:00:00"
  },
  {
    "TrainNumber": "KB20012",
    "DelayedTimes": 1,
    "MaxDelayedTime": "00:00:00"
  },
  {
    "TrainNumber": "MN9096",
    "DelayedTimes": 1,
    "MaxDelayedTime": "00:00:00"
  },
  {
    "TrainNumber": "PS42970",
    "DelayedTimes": 1,
    "MaxDelayedTime": "00:00:00"
  },
  {
    "TrainNumber": "QT6209",
    "DelayedTimes": 1,
    "MaxDelayedTime": "00:00:00"
  },
  {
    "TrainNumber": "QV395307",
    "DelayedTimes": 1,
    "MaxDelayedTime": "00:00:00"
  }
]